{
  "posts": [
    {
      "id": 1,
      "title": "Новые требования к поверке счетчиков в 2024 году",
      "date": "2024-01-15",
      "excerpt": "Изменения в законодательстве Республики Беларусь касательно поверки приборов учета. Что нужно знать потребителям.",
      "content": "С 1 января 2024 года вступили в силу новые требования к поверке счетчиков тепла и воды в Республике Беларусь. Основные изменения касаются сроков поверки, методик проведения и документооборота.\n\nОсновные нововведения:\n- Увеличен межповерочный интервал для современных счетчиков\n- Введены новые требования к лабораториям\n- Упрощена процедура оформления документов\n- Расширены возможности выездной поверки\n\nНаша компания полностью готова к работе по новым стандартам и предлагает услуги поверки с соблюдением всех требований.",
      "image": "images/placeholders/blog-verification-2024.jpg",
      "tags": [
        "поверка",
        "законодательство",
        "2024"
      ]
    },
    {
      "id": 2,
      "title": "Преимущества дистанционного съема показаний",
      "date": "2024-01-10",
      "excerpt": "Почему стоит перейти на автоматический съем показаний счетчиков. Экономия времени и повышение точности учета.",
      "content": "Дистанционный съем показаний приборов учета становится все более популярным в Беларуси. Эта технология предлагает множество преимуществ как для потребителей, так и для управляющих компаний.\n\nПреимущества для потребителей:\n- Исключение необходимости снимать показания вручную\n- Точность передачи данных\n- Своевременные расчеты\n- Контроль потребления в режиме реального времени\n\nПреимущества для УК:\n- Снижение затрат на обход квартир\n- Исключение ошибок при снятии показаний\n- Автоматизация процесса начисления\n- Улучшение качества обслуживания\n\nНаша система дистанционного съема работает надежно и обеспечивает высокую точность передачи данных.",
      "image": "images/placeholders/blog-remote-reading.jpg",
      "tags": [
        "дистанционный съем",
        "автоматизация",
        "технологии"
      ]
    },
    {
      "id": 3,
      "title": "Как правильно выбрать счетчик тепла",
      "date": "2024-01-05",
      "excerpt": "Руководство по выбору теплосчетчика для квартиры или дома. Основные характеристики и критерии выбора.",
      "content": "Выбор счетчика тепла - важное решение, которое влияет на точность учета и размер коммунальных платежей. При выборе необходимо учитывать несколько ключевых факторов.\n\nОсновные критерии выбора:\n1. Диаметр трубопровода\n2. Тип системы отопления\n3. Качество теплоносителя\n4. Требуемая точность измерений\n5. Возможность дистанционного съема\n\nТипы счетчиков:\n- Механические - надежные и недорогие\n- Ультразвуковые - высокая точность\n- Электромагнитные - для сложных условий\n- Вихревые - универсальные решения\n\nМы поможем подобрать оптимальный счетчик для ваших условий и выполним профессиональный монтаж с гарантией качества.",
      "image": "images/placeholders/blog-heat-meter-choice.jpg",
      "tags": [
        "счетчики тепла",
        "выбор",
        "монтаж"
      ]
    },
    {
      "id": 4,
      "title": "Энергосбережение в многоквартирных домах",
      "date": "2023-12-28",
      "excerpt": "Практические советы по снижению расходов на отопление и горячую воду в квартире. Простые способы экономии.",
      "content": "Энергосбережение в квартире не требует больших вложений, но может существенно снизить коммунальные платежи. Рассмотрим основные способы экономии тепла и воды.\n\nСпособы экономии тепла:\n- Утепление окон и балконных дверей\n- Установка терморегуляторов на радиаторы\n- Правильная вентиляция помещений\n- Использование теплоотражающих экранов\n\nЭкономия воды:\n- Установка аэраторов на краны\n- Своевременное устранение протечек\n- Использование экономичных смесителей\n- Контроль расхода через счетчики\n\nДистанционный съем показаний поможет отслеживать потребление и выявлять возможности для экономии. Наша система предоставляет подробную статистику потребления.",
      "image": "images/placeholders/blog-energy-saving.jpg",
      "tags": [
        "энергосбережение",
        "экономия",
        "коммунальные услуги"
      ]
    },
    {
      "id": 5,
      "title": "Техническое обслуживание приборов учета",
      "date": "2023-12-20",
      "excerpt": "Важность регулярного обслуживания счетчиков. Как продлить срок службы приборов учета и обеспечить их точность.",
      "content": "Регулярное техническое обслуживание приборов учета - залог их долгой и точной работы. Правильный уход за счетчиками поможет избежать преждевременного выхода из строя и дорогостоящего ремонта.\n\nОсновные мероприятия по обслуживанию:\n- Визуальный осмотр приборов\n- Проверка герметичности соединений\n- Очистка от загрязнений\n- Контроль показаний\n- Своевременная поверка\n\nПризнаки неисправности:\n- Нестабильные показания\n- Протечки в местах соединений\n- Механические повреждения корпуса\n- Запотевание стекла\n\nНаша компания предлагает комплексное техническое обслуживание приборов учета с выездом специалистов на объект. Мы поможем поддерживать ваши счетчики в исправном состоянии.",
      "image": "images/placeholders/blog-maintenance.jpg",
      "tags": [
        "обслуживание",
        "ремонт",
        "техподдержка"
      ]
    },
    {
      "id": 6,
      "title": "Цифровизация коммунальных услуг в Беларуси",
      "date": "2023-12-15",
      "excerpt": "Развитие цифровых технологий в сфере ЖКХ. Как современные решения улучшают качество коммунальных услуг.",
      "content": "Цифровизация коммунальной сферы в Республике Беларусь набирает обороты. Внедрение современных технологий кардинально меняет подход к управлению жилищно-коммунальным хозяйством.\n\nОсновные направления цифровизации:\n- Автоматизация съема показаний\n- Электронные личные кабинеты\n- Мобильные приложения для жильцов\n- Системы мониторинга потребления\n- Интеграция с платежными системами\n\nПреимущества цифровизации:\n- Повышение прозрачности расчетов\n- Снижение операционных затрат\n- Улучшение качества обслуживания\n- Быстрое реагирование на проблемы\n- Экологичность (меньше бумажного документооборота)\n\nНаша компания активно участвует в процессе цифровизации, предлагая современные решения для дистанционного съема показаний и управления приборами учета.",
      "image": "images/placeholders/blog-digitalization.jpg",
      "tags": [
        "цифровизация",
        "технологии",
        "ЖКХ",
        "инновации"
      ]
    }
  ]
}